formula,area,formula_version,year,model,est_link,se_link,est,lwr,upr
cpue ~ 0 + year_factor,5ABCD,Unstandardized,1996,Combined,4.342438620531807,0.028752698953090045,76.89482818907359,72.68124189782424,81.35269084338735
cpue ~ 0 + year_factor,5ABCD,Unstandardized,1997,Combined,4.4708371661442134,0.02588710406512183,87.4298857248168,83.10446594019025,91.9804348824749
cpue ~ 0 + year_factor,5ABCD,Unstandardized,1998,Combined,4.15589667242587,0.024881247947180253,63.80915481315311,60.77201640041279,66.99807706135755
cpue ~ 0 + year_factor,5ABCD,Unstandardized,1999,Combined,3.729088125440322,0.02411369116705037,41.641119368764784,39.71882635393578,43.65644661380825
cpue ~ 0 + year_factor,5ABCD,Unstandardized,2000,Combined,3.6738817545258238,0.023976165012825186,39.40456823075542,37.5956544696334,41.300517821984336
cpue ~ 0 + year_factor,5ABCD,Unstandardized,2001,Combined,3.077143516109563,0.02838218397294181,21.69633855465329,20.522347934632144,22.937487863353127
cpue ~ 0 + year_factor,5ABCD,Unstandardized,2002,Combined,3.451493639785328,0.025116704021643416,31.547477703509376,30.032042647234782,33.13938253031413
cpue ~ 0 + year_factor,5ABCD,Unstandardized,2003,Combined,3.9076774334943685,0.02384662809013927,49.78319282009119,47.50989677223065,52.16526357116765
cpue ~ 0 + year_factor,5ABCD,Unstandardized,2004,Combined,4.320520286152546,0.023378583635162632,75.22775807261118,71.858453628405,78.75504271071982
cpue ~ 0 + year_factor,5ABCD,Unstandardized,2005,Combined,4.401537835824656,0.02333736296969344,81.57622309130963,77.92887910569262,85.39427552676041
cpue ~ 0 + year_factor,5ABCD,Unstandardized,2006,Combined,4.147074203908769,0.027858425705546964,63.248676589892426,59.887732802128724,66.79823902484769
cpue ~ 0 + year_factor,5ABCD,Unstandardized,2007,Combined,3.356574500213802,0.03146427121978046,28.690742226227705,26.97483862197427,30.515796629132865
cpue ~ 0 + year_factor,5ABCD,Unstandardized,2008,Combined,3.7552316470186535,0.03445918136771299,42.74412021182095,39.95251610329023,45.73078221053856
cpue ~ 0 + year_factor,5ABCD,Unstandardized,2009,Combined,4.275406734754756,0.029027253914081966,71.90938140697848,67.93241521799956,76.11917105759242
cpue ~ 0 + year_factor,5ABCD,Unstandardized,2010,Combined,5.008247034798987,0.026429275266796986,149.64218854874542,142.08786804450423,157.5981461460488
cpue ~ 0 + year_factor,5ABCD,Unstandardized,2011,Combined,4.885047319863583,0.027378503545754898,132.2967254491804,125.38455477052615,139.58994867117457
cpue ~ 0 + year_factor,5ABCD,Unstandardized,2012,Combined,4.800182507289954,0.02893293473999824,121.53259607955042,114.83243228723745,128.6236964213177
cpue ~ 0 + year_factor,5ABCD,Unstandardized,2013,Combined,4.82158551595152,0.030831073580870273,124.16179530656213,116.88103372525322,131.89609060086394
cpue ~ 0 + year_factor,5ABCD,Unstandardized,2014,Combined,5.0338869286513654,0.03383420336113116,153.5286091750448,143.67759848209795,164.05503769719934
cpue ~ 0 + year_factor,5ABCD,Unstandardized,2015,Combined,5.008231507599038,0.03169009346572585,149.63986504260185,140.62811508181062,159.22910718771607
cpue ~ 0 + year_factor,5ABCD,Unstandardized,2016,Combined,4.515209693975099,0.03462201749771507,91.39672935659003,85.4003790816249,97.81411074414197
cpue ~ 0 + year_factor,5ABCD,Unstandardized,2017,Combined,4.185021035560403,0.03808906775038526,65.69488283087895,60.96905636546225,70.78701701225178
cpue ~ 0 + year_factor + depth,5ABCD,Depth,1996,Combined,4.8887292888450276,0.028754723584259425,132.78473575671322,125.50806640124837,140.48328968443715
cpue ~ 0 + year_factor + depth,5ABCD,Depth,1997,Combined,5.000737259095892,0.026439119644402917,148.522618399048,141.02209561535423,156.4220704553726
cpue ~ 0 + year_factor + depth,5ABCD,Depth,1998,Combined,4.655963039306383,0.025574174575101468,105.21049306636705,100.06676939595314,110.61861912887663
cpue ~ 0 + year_factor + depth,5ABCD,Depth,1999,Combined,4.2542333193599795,0.024556273657237223,70.4028200126763,67.09456371207973,73.87419772199688
cpue ~ 0 + year_factor + depth,5ABCD,Depth,2000,Combined,4.147218454157466,0.02451787359034496,63.257800885295396,60.289829344517614,66.37188090179185
cpue ~ 0 + year_factor + depth,5ABCD,Depth,2001,Combined,3.7849598506162816,0.02869015436812373,44.033902589207045,41.62609057905294,46.58099163920787
cpue ~ 0 + year_factor + depth,5ABCD,Depth,2002,Combined,4.134508270728855,0.02554512474807119,62.458870663075054,59.408649260980006,65.66569974296677
cpue ~ 0 + year_factor + depth,5ABCD,Depth,2003,Combined,4.598054658869753,0.024398577546269572,99.2909728307356,94.6545025341165,104.15455178289575
cpue ~ 0 + year_factor + depth,5ABCD,Depth,2004,Combined,4.940225553973165,0.023888081022931044,139.8017788507662,133.40704126282853,146.50304200460724
cpue ~ 0 + year_factor + depth,5ABCD,Depth,2005,Combined,4.8876458652289445,0.02356279519828372,132.64095154181064,126.65448478029884,138.9103753920418
cpue ~ 0 + year_factor + depth,5ABCD,Depth,2006,Combined,4.637284521236896,0.027723533984418975,103.26355652000574,97.80213378325254,109.02995356719296
cpue ~ 0 + year_factor + depth,5ABCD,Depth,2007,Combined,3.9369337263317346,0.031464047831463664,51.26117927015393,48.195429484240584,54.521943850009535
cpue ~ 0 + year_factor + depth,5ABCD,Depth,2008,Combined,4.25150209855944,0.03376797794061856,70.21079671462151,65.71431997562038,75.01494312245399
cpue ~ 0 + year_factor + depth,5ABCD,Depth,2009,Combined,4.868486298115011,0.029312943683842345,130.12379910532303,122.85845599846014,137.8187846819
cpue ~ 0 + year_factor + depth,5ABCD,Depth,2010,Combined,5.744113059241142,0.02647347425522976,312.3464721208665,296.5527316580424,328.9813521557742
cpue ~ 0 + year_factor + depth,5ABCD,Depth,2011,Combined,5.327858220463342,0.026967960178390336,205.99630267797517,195.3906755205288,217.17759357732282
cpue ~ 0 + year_factor + depth,5ABCD,Depth,2012,Combined,5.235402832420401,0.028194888803633664,187.80474494830537,177.70783944478842,198.4753308311768
cpue ~ 0 + year_factor + depth,5ABCD,Depth,2013,Combined,5.304537080551397,0.0294059228952653,201.24781931767552,189.9767073359515,213.18763414769091
cpue ~ 0 + year_factor + depth,5ABCD,Depth,2014,Combined,5.454891939240966,0.03221853854398296,233.8995943360815,219.58592278666194,249.1463001648602
cpue ~ 0 + year_factor + depth,5ABCD,Depth,2015,Combined,5.800337240352916,0.030411088329132044,330.41096903457105,311.2920400923621,350.7041440120746
cpue ~ 0 + year_factor + depth,5ABCD,Depth,2016,Combined,5.2523449869265075,0.03321349805953705,191.0136682350926,178.97507149114242,203.86203032991523
cpue ~ 0 + year_factor + depth,5ABCD,Depth,2017,Combined,4.6988589531952725,0.036331696478477775,109.82178913003166,102.27331905075476,117.92738790197825
cpue ~ 0 + year_factor + month,5ABCD,Month,1996,Combined,4.50142257517022,0.033212925724890166,90.14527856435099,84.46398586648586,96.20871148905596
cpue ~ 0 + year_factor + month,5ABCD,Month,1997,Combined,4.607872630324965,0.029696950596320663,100.27060992312119,94.60086380584706,106.28016288508039
cpue ~ 0 + year_factor + month,5ABCD,Month,1998,Combined,4.3018630463746135,0.02884360321308898,73.83722781637195,69.77875432077191,78.13175033971429
cpue ~ 0 + year_factor + month,5ABCD,Month,1999,Combined,3.872629723977798,0.027226495987480354,48.068627239999294,45.5707376278073,50.70343481401269
cpue ~ 0 + year_factor + month,5ABCD,Month,2000,Combined,3.824370502002361,0.027126778935397316,45.80395778940133,43.43223968822445,48.30518905388338
cpue ~ 0 + year_factor + month,5ABCD,Month,2001,Combined,3.254725806410143,0.03203845220415305,25.912508516099052,24.335360082903623,27.59187023777088
cpue ~ 0 + year_factor + month,5ABCD,Month,2002,Combined,3.637616562255364,0.028731249592442398,38.00115531366331,35.92032578223415,40.20252527574216
cpue ~ 0 + year_factor + month,5ABCD,Month,2003,Combined,4.098493307129208,0.028168008322810092,60.24944177178228,57.013267893915824,63.66930660010034
cpue ~ 0 + year_factor + month,5ABCD,Month,2004,Combined,4.483648992463122,0.027160306806952535,88.55722847516526,83.96623813808654,93.39923865953651
cpue ~ 0 + year_factor + month,5ABCD,Month,2005,Combined,4.6022123654853075,0.02707234095429392,99.70465495386183,94.552059520971,105.13804003670376
cpue ~ 0 + year_factor + month,5ABCD,Month,2006,Combined,4.360810138373238,0.030806914100950284,78.32055921862145,73.73138722337433,83.19536939856943
cpue ~ 0 + year_factor + month,5ABCD,Month,2007,Combined,3.496153449907654,0.03486582201335117,32.98831638733196,30.809295264831167,35.32145116324452
cpue ~ 0 + year_factor + month,5ABCD,Month,2008,Combined,3.913111162092514,0.03768023294217198,50.054437446081714,46.49096095001947,53.89105014923677
cpue ~ 0 + year_factor + month,5ABCD,Month,2009,Combined,4.414588574121383,0.03207493237122497,82.64783045393756,77.61197301157694,88.01043980319784
cpue ~ 0 + year_factor + month,5ABCD,Month,2010,Combined,5.185748666862823,0.02981719672351801,178.70719187214902,168.56256074737018,189.46235916938238
cpue ~ 0 + year_factor + month,5ABCD,Month,2011,Combined,5.066684067999738,0.030708613444988847,158.6473902242906,149.38026749778982,168.48941862653132
cpue ~ 0 + year_factor + month,5ABCD,Month,2012,Combined,4.9351861907988805,0.031584014927765705,139.09903908236421,130.74927023338876,147.9820318622027
cpue ~ 0 + year_factor + month,5ABCD,Month,2013,Combined,4.981691205853719,0.03354335984196851,145.72061693801615,136.44835898154145,155.62296504913343
cpue ~ 0 + year_factor + month,5ABCD,Month,2014,Combined,5.226009700645885,0.0367559300619216,186.04892944407783,173.1170711921102,199.94679848110206
cpue ~ 0 + year_factor + month,5ABCD,Month,2015,Combined,5.199776146342634,0.03468693580081714,181.2316679623073,169.3198876596561,193.9814508879217
cpue ~ 0 + year_factor + month,5ABCD,Month,2016,Combined,4.6850140091830514,0.037245941132313325,108.3117896572433,100.68652370112898,116.51453786981202
cpue ~ 0 + year_factor + month,5ABCD,Month,2017,Combined,4.381035134436291,0.0403280646169142,79.92071929090861,73.8467594452003,86.49426758822196
cpue ~ 0 + year_factor + latitude,5ABCD,Latitude,1996,Combined,5.130655838590466,0.02853880026750151,169.12800235047928,159.92737246178658,178.85794494559397
cpue ~ 0 + year_factor + latitude,5ABCD,Latitude,1997,Combined,5.219435618475342,0.027207946149929666,184.82984008159573,175.23151527313246,194.95391414803447
cpue ~ 0 + year_factor + latitude,5ABCD,Latitude,1998,Combined,4.955838495498796,0.02610940355805815,142.00162419073862,134.9175787921382,149.4576277852888
cpue ~ 0 + year_factor + latitude,5ABCD,Latitude,1999,Combined,4.600266906734637,0.026182538495080378,99.51087221967647,94.53301431170387,104.75085092779898
cpue ~ 0 + year_factor + latitude,5ABCD,Latitude,2000,Combined,4.4680243642263875,0.025795170764842078,87.18430831679123,82.885971803351,91.70554982103748
cpue ~ 0 + year_factor + latitude,5ABCD,Latitude,2001,Combined,4.194327644523434,0.02881795655434359,66.30913327711406,62.6675926057857,70.16227962706417
cpue ~ 0 + year_factor + latitude,5ABCD,Latitude,2002,Combined,4.639387527058456,0.02602508500441339,103.48094888911064,98.33483713467801,108.89636974051
cpue ~ 0 + year_factor + latitude,5ABCD,Latitude,2003,Combined,5.18906872380464,0.02488731661853866,179.30149594084446,170.76521190398938,188.26449537450318
cpue ~ 0 + year_factor + latitude,5ABCD,Latitude,2004,Combined,5.544247674306589,0.023990813653094367,255.76208945392244,244.01401924053928,268.07577124228044
cpue ~ 0 + year_factor + latitude,5ABCD,Latitude,2005,Combined,5.519673263506309,0.02321701072981384,249.55348563659987,238.4519738332791,261.1718460209495
cpue ~ 0 + year_factor + latitude,5ABCD,Latitude,2006,Combined,5.210628637264716,0.02853662666384298,183.20919412722438,173.24327992457486,193.74840298198285
cpue ~ 0 + year_factor + latitude,5ABCD,Latitude,2007,Combined,4.467305595413047,0.03129604698788368,87.12166547051956,81.9382031736711,92.63303685424293
cpue ~ 0 + year_factor + latitude,5ABCD,Latitude,2008,Combined,4.492356879175035,0.03421885770572347,89.33174208252332,83.53685553027373,95.52861539786424
cpue ~ 0 + year_factor + latitude,5ABCD,Latitude,2009,Combined,5.262721921786173,0.028941330118237133,193.00612454326262,182.36258212814,204.27087441125465
cpue ~ 0 + year_factor + latitude,5ABCD,Latitude,2010,Combined,6.179050305875339,0.026563596770503784,482.53347947043886,458.05334732433977,508.321924007204
cpue ~ 0 + year_factor + latitude,5ABCD,Latitude,2011,Combined,5.8665362837531045,0.026475598196261555,353.0240848890005,335.1720933082393,371.8269122038885
cpue ~ 0 + year_factor + latitude,5ABCD,Latitude,2012,Combined,5.603323517217556,0.028337422194959334,271.32666943678817,256.6676788428553,286.8228749313341
cpue ~ 0 + year_factor + latitude,5ABCD,Latitude,2013,Combined,5.811989763073293,0.029122325497675263,334.2836095548903,315.73713151332066,353.9195123533702
cpue ~ 0 + year_factor + latitude,5ABCD,Latitude,2014,Combined,6.020976324928899,0.03128125403570276,411.98062639422136,387.48032256202066,438.0300795713519
cpue ~ 0 + year_factor + latitude,5ABCD,Latitude,2015,Combined,6.164769529828691,0.029841750218331128,475.691497599924,448.66643240179826,504.34439607510865
cpue ~ 0 + year_factor + latitude,5ABCD,Latitude,2016,Combined,5.621557418602353,0.032193582777119284,276.3193932583111,259.4224973048158,294.31683020508734
cpue ~ 0 + year_factor + latitude,5ABCD,Latitude,2017,Combined,5.167653980901647,0.03500153230580605,175.50262163783088,163.86632067215095,187.9652272377303
cpue ~ 0 + year_factor + (1 | locality),5ABCD,Locality,1996,Combined,3.2585170184135657,0.1926559771449368,26.01093478896524,17.830514783324283,37.94443047872924
cpue ~ 0 + year_factor + (1 | locality),5ABCD,Locality,1997,Combined,3.409283293593136,0.19237459957705066,30.243560736222232,20.743419802287313,44.09460805998367
cpue ~ 0 + year_factor + (1 | locality),5ABCD,Locality,1998,Combined,3.173883550080568,0.19222064184121976,23.900121678629908,16.397536203851047,34.83546608173747
cpue ~ 0 + year_factor + (1 | locality),5ABCD,Locality,1999,Combined,2.8552588463524033,0.1922415708207091,17.37893509945885,11.922953020131954,25.331592322910975
cpue ~ 0 + year_factor + (1 | locality),5ABCD,Locality,2000,Combined,2.6462861656853285,0.1922355244088524,14.101570380490683,9.674606225143263,20.55425126028708
cpue ~ 0 + year_factor + (1 | locality),5ABCD,Locality,2001,Combined,2.4718207747053498,0.19261827888435223,11.843992472737755,8.11966541351122,17.276593375490663
cpue ~ 0 + year_factor + (1 | locality),5ABCD,Locality,2002,Combined,2.9226062522574017,0.1922081237369937,18.589673758104766,12.75442575909126,27.094592650433125
cpue ~ 0 + year_factor + (1 | locality),5ABCD,Locality,2003,Combined,3.4502038654214884,0.1920515319303139,31.506814804143126,21.623547065497178,45.90733315379626
cpue ~ 0 + year_factor + (1 | locality),5ABCD,Locality,2004,Combined,3.777841669548379,0.1920481638998251,43.72157422115532,30.006897392055773,63.70455523609308
cpue ~ 0 + year_factor + (1 | locality),5ABCD,Locality,2005,Combined,3.6605078693092845,0.1920421209430949,38.881084367320035,26.685098800725882,56.65104457239395
cpue ~ 0 + year_factor + (1 | locality),5ABCD,Locality,2006,Combined,3.393856461785337,0.19258774216068358,29.780578765911745,20.417338924938235,43.437730788188716
cpue ~ 0 + year_factor + (1 | locality),5ABCD,Locality,2007,Combined,2.6360441475934584,0.19310760988376724,13.957878942770007,9.559670234997773,20.379613500451228
cpue ~ 0 + year_factor + (1 | locality),5ABCD,Locality,2008,Combined,2.675759937887531,0.1936013401150985,14.523382515614427,9.937359199357266,21.225824231904326
cpue ~ 0 + year_factor + (1 | locality),5ABCD,Locality,2009,Combined,3.4521557401983154,0.192709871885906,31.56837221789558,21.637856389861607,46.0564164273934
cpue ~ 0 + year_factor + (1 | locality),5ABCD,Locality,2010,Combined,4.447498165462522,0.1923098069214729,85.41298731007751,58.5904048782042,124.51489994644778
cpue ~ 0 + year_factor + (1 | locality),5ABCD,Locality,2011,Combined,4.046256333481622,0.19237694789996898,57.182981819615954,39.220419453455314,83.37221925081812
cpue ~ 0 + year_factor + (1 | locality),5ABCD,Locality,2012,Combined,3.7995057398318948,0.19265486379511496,44.679095937534974,30.627619711103453,65.17717121424761
cpue ~ 0 + year_factor + (1 | locality),5ABCD,Locality,2013,Combined,3.9669673353678108,0.1927584295770423,52.82408993164451,36.203681530448634,77.07460565190446
cpue ~ 0 + year_factor + (1 | locality),5ABCD,Locality,2014,Combined,4.202345510344474,0.1931123645689503,66.84292809843362,45.77990666680273,97.59690139369188
cpue ~ 0 + year_factor + (1 | locality),5ABCD,Locality,2015,Combined,4.367650120875463,0.19290466886357058,78.85810678543875,54.03094672448773,115.09331934332533
cpue ~ 0 + year_factor + (1 | locality),5ABCD,Locality,2016,Combined,3.813838449944716,0.19327089635654024,45.32407960833989,31.032265726547212,66.197944115494
cpue ~ 0 + year_factor + (1 | locality),5ABCD,Locality,2017,Combined,3.3231440406402677,0.19376726410409054,27.747452679350356,18.979514304493158,40.565902680160704
cpue ~ 0 + year_factor + (1 | vessel),5ABCD,Vessel,1996,Combined,4.155429872833132,0.10694452275626713,63.7793756766585,51.71865810721059,78.65263544293715
cpue ~ 0 + year_factor + (1 | vessel),5ABCD,Vessel,1997,Combined,4.181648265567924,0.10631213832152688,65.47368234028626,53.15841801451002,80.64203637562346
cpue ~ 0 + year_factor + (1 | vessel),5ABCD,Vessel,1998,Combined,3.8560688232187683,0.1061266596180315,47.279122969851784,38.400119453897624,58.21115925126328
cpue ~ 0 + year_factor + (1 | vessel),5ABCD,Vessel,1999,Combined,3.314705225255334,0.10605984650928964,27.51428227353156,22.35003587261799,33.871790333681325
cpue ~ 0 + year_factor + (1 | vessel),5ABCD,Vessel,2000,Combined,3.175786233649127,0.10603170858200808,23.945639336552365,19.452276070322874,29.476943529042085
cpue ~ 0 + year_factor + (1 | vessel),5ABCD,Vessel,2001,Combined,2.7093462964695263,0.10697021320648968,15.019454034928673,12.178653165041581,18.522902036069684
cpue ~ 0 + year_factor + (1 | vessel),5ABCD,Vessel,2002,Combined,3.1542025119780246,0.10611757488226391,23.434341031204575,19.03371851888841,28.85239366242715
cpue ~ 0 + year_factor + (1 | vessel),5ABCD,Vessel,2003,Combined,3.6742598028785047,0.10581337593087208,39.41946787907946,32.036170290775836,48.50437595273957
cpue ~ 0 + year_factor + (1 | vessel),5ABCD,Vessel,2004,Combined,4.064673531044802,0.10570458550015273,58.24588994339866,47.34648315407539,71.65439689064824
cpue ~ 0 + year_factor + (1 | vessel),5ABCD,Vessel,2005,Combined,4.0731064915886,0.10576471852503147,58.73915214227581,47.74181522239841,72.26972787525469
cpue ~ 0 + year_factor + (1 | vessel),5ABCD,Vessel,2006,Combined,3.7733215788450414,0.10686256589153961,43.52439471033791,35.29957589981818,53.665600410543405
cpue ~ 0 + year_factor + (1 | vessel),5ABCD,Vessel,2007,Combined,2.894639573752396,0.10799187872135176,18.076984847136064,14.628555745412056,22.33832148919238
cpue ~ 0 + year_factor + (1 | vessel),5ABCD,Vessel,2008,Combined,3.163363397005663,0.10903119656063888,23.650006670902542,19.09950181535691,29.2846808749751
cpue ~ 0 + year_factor + (1 | vessel),5ABCD,Vessel,2009,Combined,3.814824549311323,0.10724498636274454,45.36879569816416,36.767870370011686,55.981692776543206
cpue ~ 0 + year_factor + (1 | vessel),5ABCD,Vessel,2010,Combined,4.636347909450813,0.10657785122313757,103.16688393530451,83.71810991471845,127.1338537356226
cpue ~ 0 + year_factor + (1 | vessel),5ABCD,Vessel,2011,Combined,4.435056254669348,0.10678159267248542,84.3568702226574,68.42678441756978,103.99555692018001
cpue ~ 0 + year_factor + (1 | vessel),5ABCD,Vessel,2012,Combined,4.343887143761159,0.10723848881158082,77.0062928440037,62.40838901551728,95.01878242846522
cpue ~ 0 + year_factor + (1 | vessel),5ABCD,Vessel,2013,Combined,4.466445902689532,0.10766315356916192,87.04679979400363,70.48684676439744,107.49729491665285
cpue ~ 0 + year_factor + (1 | vessel),5ABCD,Vessel,2014,Combined,4.62900764782152,0.10853455172821361,102.4123845149768,82.78773533399631,126.68901329079478
cpue ~ 0 + year_factor + (1 | vessel),5ABCD,Vessel,2015,Combined,4.670324498598488,0.1079581744717988,106.7323713185406,86.37743533823601,131.88396995894726
cpue ~ 0 + year_factor + (1 | vessel),5ABCD,Vessel,2016,Combined,4.165305996282063,0.10889727215968613,64.41238937985302,52.03243857560804,79.73787158933521
cpue ~ 0 + year_factor + (1 | vessel),5ABCD,Vessel,2017,Combined,3.714204743597309,0.10986084548398822,41.0259479600849,33.07830027064868,50.88315881566267
cpue ~ 0 + year_factor + depth + month + latitude + (1 | locality) + (1 | vessel),5ABCD,Full standardization minus interactions,1996,Combined,5.066593647293384,0.36893880699514503,158.63304586372877,76.9744528461202,326.9194168916039
cpue ~ 0 + year_factor + depth + month + latitude + (1 | locality) + (1 | vessel),5ABCD,Full standardization minus interactions,1997,Combined,5.106064654966075,0.36875212372461347,165.01966604769356,80.10277458321393,339.9568906842691
cpue ~ 0 + year_factor + depth + month + latitude + (1 | locality) + (1 | vessel),5ABCD,Full standardization minus interactions,1998,Combined,4.8787675331698415,0.36869200221626425,131.4685333895113,63.82412213773863,270.80631417520414
cpue ~ 0 + year_factor + depth + month + latitude + (1 | locality) + (1 | vessel),5ABCD,Full standardization minus interactions,1999,Combined,4.501336622054884,0.36871669773471377,90.13753062980993,43.757012885994556,185.6793663956994
cpue ~ 0 + year_factor + depth + month + latitude + (1 | locality) + (1 | vessel),5ABCD,Full standardization minus interactions,2000,Combined,4.380432959175622,0.3686862370058587,79.87260749825624,38.776249567058,164.52425130846746
cpue ~ 0 + year_factor + depth + month + latitude + (1 | locality) + (1 | vessel),5ABCD,Full standardization minus interactions,2001,Combined,4.226780017019242,0.3689714233821707,68.4963197138163,33.234750396005204,141.16988268102918
cpue ~ 0 + year_factor + depth + month + latitude + (1 | locality) + (1 | vessel),5ABCD,Full standardization minus interactions,2002,Combined,4.6589490079992695,0.36870854792476027,105.52511780086361,51.22769245377445,217.37364994400946
cpue ~ 0 + year_factor + depth + month + latitude + (1 | locality) + (1 | vessel),5ABCD,Full standardization minus interactions,2003,Combined,5.201309080702048,0.36873598260940743,181.50969725902675,88.1100458973014,373.91616203973166
cpue ~ 0 + year_factor + depth + month + latitude + (1 | locality) + (1 | vessel),5ABCD,Full standardization minus interactions,2004,Combined,5.491949859462293,0.3686325423625693,242.73003518964723,117.85205615272244,499.9307768276587
cpue ~ 0 + year_factor + depth + month + latitude + (1 | locality) + (1 | vessel),5ABCD,Full standardization minus interactions,2005,Combined,5.3717899822999415,0.3684317391560947,215.24781285416165,104.54982725001915,443.1534910880659
cpue ~ 0 + year_factor + depth + month + latitude + (1 | locality) + (1 | vessel),5ABCD,Full standardization minus interactions,2006,Combined,5.193393070251828,0.3688749136665556,180.07853661344146,87.39151883618615,371.06895246465285
cpue ~ 0 + year_factor + depth + month + latitude + (1 | locality) + (1 | vessel),5ABCD,Full standardization minus interactions,2007,Combined,4.365056299053407,0.36911475564308416,78.65382795318992,38.15250349515334,162.14990066053952
cpue ~ 0 + year_factor + depth + month + latitude + (1 | locality) + (1 | vessel),5ABCD,Full standardization minus interactions,2008,Combined,4.416527045991312,0.36940513378190953,82.8081963305367,40.14480265337057,170.811585218765
cpue ~ 0 + year_factor + depth + month + latitude + (1 | locality) + (1 | vessel),5ABCD,Full standardization minus interactions,2009,Combined,5.2304514990999635,0.3690313773553206,186.87715934469352,90.66306018664206,385.19627081689225
cpue ~ 0 + year_factor + depth + month + latitude + (1 | locality) + (1 | vessel),5ABCD,Full standardization minus interactions,2010,Combined,6.236424749947416,0.3687702502836473,511.02818740643437,248.05117095860945,1052.8061904109377
cpue ~ 0 + year_factor + depth + month + latitude + (1 | locality) + (1 | vessel),5ABCD,Full standardization minus interactions,2011,Combined,5.781848747631932,0.3687792190901517,324.3582930780176,157.43953475152108,668.2457646647023
cpue ~ 0 + year_factor + depth + month + latitude + (1 | locality) + (1 | vessel),5ABCD,Full standardization minus interactions,2012,Combined,5.54941820267819,0.36884446043294494,257.08793931216684,124.77137469931357,529.7225321036717
cpue ~ 0 + year_factor + depth + month + latitude + (1 | locality) + (1 | vessel),5ABCD,Full standardization minus interactions,2013,Combined,5.7112851200009125,0.3689184682401622,302.2592582122328,146.6728977865734,622.8871219817985
cpue ~ 0 + year_factor + depth + month + latitude + (1 | locality) + (1 | vessel),5ABCD,Full standardization minus interactions,2014,Combined,5.991868302905498,0.3691572982169855,400.16153492714375,194.08961752421055,825.027407843046
cpue ~ 0 + year_factor + depth + month + latitude + (1 | locality) + (1 | vessel),5ABCD,Full standardization minus interactions,2015,Combined,6.096787617020994,0.3691018744867317,444.42780220278627,215.58342185811395,916.1932289060425
cpue ~ 0 + year_factor + depth + month + latitude + (1 | locality) + (1 | vessel),5ABCD,Full standardization minus interactions,2016,Combined,5.5499569158414,0.36924636732595706,257.22647328086276,124.74030745760335,530.4256491350934
cpue ~ 0 + year_factor + depth + month + latitude + (1 | locality) + (1 | vessel),5ABCD,Full standardization minus interactions,2017,Combined,5.091942410167053,0.3695079337833116,162.705596316018,78.86258124851373,335.68659120005566
cpue ~ 0 + year_factor + depth + month + latitude + (1 | locality) + (1 | vessel) + (1 | year_locality),5ABCD,Full standardization,1996,Combined,4.882462372894195,0.3689057167874072,131.95518704917515,64.03355020720319,271.92263013435246
cpue ~ 0 + year_factor + depth + month + latitude + (1 | locality) + (1 | vessel) + (1 | year_locality),5ABCD,Full standardization,1997,Combined,4.844171677345967,0.3688352807866603,126.99804305777414,61.63651845860313,261.67121933300996
cpue ~ 0 + year_factor + depth + month + latitude + (1 | locality) + (1 | vessel) + (1 | year_locality),5ABCD,Full standardization,1998,Combined,4.766589326145159,0.36836917026538923,117.51774296540522,57.08753276331793,241.91656642336181
cpue ~ 0 + year_factor + depth + month + latitude + (1 | locality) + (1 | vessel) + (1 | year_locality),5ABCD,Full standardization,1999,Combined,4.347651253009138,0.3681349190072505,77.29669916071607,37.56627895727485,159.0463539904371
cpue ~ 0 + year_factor + depth + month + latitude + (1 | locality) + (1 | vessel) + (1 | year_locality),5ABCD,Full standardization,2000,Combined,4.102427243782774,0.36837015451972904,60.486926076958895,29.383160581829756,124.51581633127554
cpue ~ 0 + year_factor + depth + month + latitude + (1 | locality) + (1 | vessel) + (1 | year_locality),5ABCD,Full standardization,2001,Combined,4.078255896700473,0.3689105118514867,59.04240394568314,28.651084431927647,121.67097800321135
cpue ~ 0 + year_factor + depth + month + latitude + (1 | locality) + (1 | vessel) + (1 | year_locality),5ABCD,Full standardization,2002,Combined,4.567610062044209,0.36838922940206154,96.31365084145884,46.78521210908757,198.2746025983841
cpue ~ 0 + year_factor + depth + month + latitude + (1 | locality) + (1 | vessel) + (1 | year_locality),5ABCD,Full standardization,2003,Combined,5.120895602199791,0.3677256414900346,167.4853026764049,81.46335969628772,344.34286429123614
cpue ~ 0 + year_factor + depth + month + latitude + (1 | locality) + (1 | vessel) + (1 | year_locality),5ABCD,Full standardization,2004,Combined,5.227495438928601,0.36860606941893803,186.3255549066455,90.47083584079603,383.73926899893115
cpue ~ 0 + year_factor + depth + month + latitude + (1 | locality) + (1 | vessel) + (1 | year_locality),5ABCD,Full standardization,2005,Combined,5.256692640164907,0.36738535510992154,191.84593732610958,93.37441180438636,394.1643428569862
cpue ~ 0 + year_factor + depth + month + latitude + (1 | locality) + (1 | vessel) + (1 | year_locality),5ABCD,Full standardization,2006,Combined,4.8964893022145475,0.36972385635761307,133.81915544589373,64.83402506740656,276.2063028731311
cpue ~ 0 + year_factor + depth + month + latitude + (1 | locality) + (1 | vessel) + (1 | year_locality),5ABCD,Full standardization,2007,Combined,4.202531654144653,0.370621325818501,66.85537165319431,32.333823694850466,138.23421445817374
cpue ~ 0 + year_factor + depth + month + latitude + (1 | locality) + (1 | vessel) + (1 | year_locality),5ABCD,Full standardization,2008,Combined,3.810111747723436,0.37193296145843197,45.15548460699394,21.782853928019833,93.6065492992921
cpue ~ 0 + year_factor + depth + month + latitude + (1 | locality) + (1 | vessel) + (1 | year_locality),5ABCD,Full standardization,2009,Combined,4.783951351423653,0.3707941951259599,119.57590421250448,57.81190532657836,247.32616556168966
cpue ~ 0 + year_factor + depth + month + latitude + (1 | locality) + (1 | vessel) + (1 | year_locality),5ABCD,Full standardization,2010,Combined,5.638730102725695,0.36903593782109767,281.1055165891239,136.37653019651376,579.4274963805924
cpue ~ 0 + year_factor + depth + month + latitude + (1 | locality) + (1 | vessel) + (1 | year_locality),5ABCD,Full standardization,2011,Combined,5.46649443864593,0.37011180188158954,236.6292188522875,114.557319756459,488.7805278063582
cpue ~ 0 + year_factor + depth + month + latitude + (1 | locality) + (1 | vessel) + (1 | year_locality),5ABCD,Full standardization,2012,Combined,5.077731935651287,0.3717682960012058,160.4098232318926,77.40613766807664,332.4195233668012
cpue ~ 0 + year_factor + depth + month + latitude + (1 | locality) + (1 | vessel) + (1 | year_locality),5ABCD,Full standardization,2013,Combined,5.1552688374543,0.37081998320759124,173.3424014253302,83.80240198371611,358.55282689556975
cpue ~ 0 + year_factor + depth + month + latitude + (1 | locality) + (1 | vessel) + (1 | year_locality),5ABCD,Full standardization,2014,Combined,5.453362443231723,0.3749864263252744,233.5421192879991,111.98770042538263,487.03492682101523
cpue ~ 0 + year_factor + depth + month + latitude + (1 | locality) + (1 | vessel) + (1 | year_locality),5ABCD,Full standardization,2015,Combined,5.12070992000462,0.3728205470329227,167.45420652483514,80.63893906657984,347.73412953399674
cpue ~ 0 + year_factor + depth + month + latitude + (1 | locality) + (1 | vessel) + (1 | year_locality),5ABCD,Full standardization,2016,Combined,4.961493198107065,0.37419171284568414,142.80687572871142,68.58524615194867,297.34972023303277
cpue ~ 0 + year_factor + depth + month + latitude + (1 | locality) + (1 | vessel) + (1 | year_locality),5ABCD,Full standardization,2017,Combined,4.7815027303244815,0.3758850579474382,119.28346631141989,57.097938732090235,249.1954289633735
cpue ~ 0 + year_factor,3CD,Unstandardized,1996,Combined,2.9599529437690437,0.05559558946550822,19.29706368705215,17.304828877400315,21.518656415520038
cpue ~ 0 + year_factor,3CD,Unstandardized,1997,Combined,3.237728895804166,0.05735963602383057,25.475797805306993,22.766815362827803,28.507117199911793
cpue ~ 0 + year_factor,3CD,Unstandardized,1998,Combined,2.678991185603761,0.05880304770762628,14.570387062970374,12.984251656827437,16.350282232333655
cpue ~ 0 + year_factor,3CD,Unstandardized,1999,Combined,2.786745415770088,0.04948959428842732,16.228117984900198,14.72793176583472,17.881113079485772
cpue ~ 0 + year_factor,3CD,Unstandardized,2000,Combined,3.1784350736465328,0.04138454988508249,24.009151583545194,22.138570435165953,26.037786019191522
cpue ~ 0 + year_factor,3CD,Unstandardized,2001,Combined,3.867899317713845,0.03499997022975562,47.84178006725529,44.669876742216566,51.238912818411585
cpue ~ 0 + year_factor,3CD,Unstandardized,2002,Combined,3.6041695451101345,0.03823438297420609,36.75115100785924,34.09770754058225,39.611082322615566
cpue ~ 0 + year_factor,3CD,Unstandardized,2003,Combined,4.4338722293855195,0.03375216554580203,84.25704866273632,78.86345859677016,90.0195144325748
cpue ~ 0 + year_factor,3CD,Unstandardized,2004,Combined,4.480476663656203,0.03352646454116402,88.27674096274819,82.66239585810686,94.27240662587076
cpue ~ 0 + year_factor,3CD,Unstandardized,2005,Combined,3.7829126190418445,0.037486078559028135,43.943847207044655,40.83093092377874,47.29408964397363
cpue ~ 0 + year_factor,3CD,Unstandardized,2006,Combined,3.439007316258125,0.052543877314722355,31.15601474303587,28.107074795190552,34.53569116464464
cpue ~ 0 + year_factor,3CD,Unstandardized,2007,Combined,2.5120353412837955,0.052375453468248366,12.330000297246004,11.127054136441242,13.662997004048894
cpue ~ 0 + year_factor,3CD,Unstandardized,2008,Combined,2.8767280350764888,0.04743068384300303,17.756080756330697,16.179805567950442,19.485920427242487
cpue ~ 0 + year_factor,3CD,Unstandardized,2009,Combined,4.3342738131587994,0.03742679418433429,76.26955282897778,70.87496700837471,82.07474280792087
cpue ~ 0 + year_factor,3CD,Unstandardized,2010,Combined,4.87666788927438,0.03731559688320817,131.1927858730324,121.94002425431002,141.14764344504366
cpue ~ 0 + year_factor,3CD,Unstandardized,2011,Combined,4.595120295312135,0.037062461011654044,99.0000440725868,92.06343697145505,106.45929642419286
cpue ~ 0 + year_factor,3CD,Unstandardized,2012,Combined,4.379831326542875,0.038666988928458906,79.82456798364151,73.99844120929848,86.10940378801278
cpue ~ 0 + year_factor,3CD,Unstandardized,2013,Combined,4.461337108140288,0.03828890157143363,86.60322959694604,80.34186649093645,93.3525657817205
cpue ~ 0 + year_factor,3CD,Unstandardized,2014,Combined,4.42817662613333,0.039622410640763245,83.77851799638577,77.5185064904177,90.5440570960736
cpue ~ 0 + year_factor,3CD,Unstandardized,2015,Combined,4.947753661656274,0.043323380119733086,140.85819310726208,129.3911305233753,153.34150405199784
cpue ~ 0 + year_factor,3CD,Unstandardized,2016,Combined,4.441609709710775,0.04240303830825829,84.91151461257337,78.1398175432868,92.27005565769572
cpue ~ 0 + year_factor,3CD,Unstandardized,2017,Combined,3.932490235309866,0.050098478718426195,51.033905997621375,46.26090486455549,56.299364852449294
cpue ~ 0 + year_factor + depth,3CD,Depth,1996,Combined,2.9295811824901103,0.052163617369890745,18.71978867936199,16.900454117823198,20.734974679195503
cpue ~ 0 + year_factor + depth,3CD,Depth,1997,Combined,3.267538259180324,0.05485449675644866,26.246647305369805,23.571148560841582,29.22583483763339
cpue ~ 0 + year_factor + depth,3CD,Depth,1998,Combined,2.7766044213029293,0.05436886117234987,16.06438036457964,14.440567791102685,17.870787370070996
cpue ~ 0 + year_factor + depth,3CD,Depth,1999,Combined,2.40764864445347,0.04794525808873109,11.107811998790014,10.111525770404889,12.202262072217698
cpue ~ 0 + year_factor + depth,3CD,Depth,2000,Combined,2.6637764929594328,0.041366353918111,14.350381008375075,13.232797926871124,15.562350171414181
cpue ~ 0 + year_factor + depth,3CD,Depth,2001,Combined,3.4570411841833453,0.03397189951267331,31.722975076367845,29.679490779839586,33.907156802684696
cpue ~ 0 + year_factor + depth,3CD,Depth,2002,Combined,3.2915790609744087,0.03635933392586698,26.88528365740914,25.03599943461838,28.87116526851642
cpue ~ 0 + year_factor + depth,3CD,Depth,2003,Combined,3.9380642035945823,0.03304575684051387,51.31916163548341,48.100593705593674,54.753094464665615
cpue ~ 0 + year_factor + depth,3CD,Depth,2004,Combined,3.7824866514442337,0.033713012037293356,43.92513253822433,41.11648548827848,46.92563689692334
cpue ~ 0 + year_factor + depth,3CD,Depth,2005,Combined,3.1269489824625083,0.036365779746360655,22.80429698511137,21.23545210633798,24.489045883320212
cpue ~ 0 + year_factor + depth,3CD,Depth,2006,Combined,2.7479303932030064,0.04812982811623289,15.610291264644438,14.205027199604334,17.154574218191005
cpue ~ 0 + year_factor + depth,3CD,Depth,2007,Combined,1.9823437810197564,0.04984210054244562,7.259738297565884,6.584071111414555,8.004743456943261
cpue ~ 0 + year_factor + depth,3CD,Depth,2008,Combined,2.3578769203776364,0.0458821653815328,10.568489871523104,9.659557852651277,11.562949346985882
cpue ~ 0 + year_factor + depth,3CD,Depth,2009,Combined,3.5309180730387593,0.03670337810410855,34.15531029463019,31.7845223248253,36.70293388085023
cpue ~ 0 + year_factor + depth,3CD,Depth,2010,Combined,4.1204735566721915,0.03673106702460427,61.5884009579399,57.310317311466235,66.18583372940199
cpue ~ 0 + year_factor + depth,3CD,Depth,2011,Combined,3.7267634370367118,0.03646261363172532,41.54442917228834,38.678996024639105,44.622140506228064
cpue ~ 0 + year_factor + depth,3CD,Depth,2012,Combined,3.6317157395976674,0.03748850017342071,37.7775775305364,35.10130394660646,40.65790166218776
cpue ~ 0 + year_factor + depth,3CD,Depth,2013,Combined,3.7045136788296817,0.03908896991434056,40.63028314455138,37.63367637439901,43.865496742418074
cpue ~ 0 + year_factor + depth,3CD,Depth,2014,Combined,4.149871006028973,0.03760786121975792,63.42581822225731,58.918763072653526,68.27764547945814
cpue ~ 0 + year_factor + depth,3CD,Depth,2015,Combined,4.70614113484152,0.039645919379256656,110.62445036253821,102.35376867323463,119.56344330693747
cpue ~ 0 + year_factor + depth,3CD,Depth,2016,Combined,4.097726637298268,0.039456650069528976,60.20326804470834,55.72292282748823,65.04385088491912
cpue ~ 0 + year_factor + depth,3CD,Depth,2017,Combined,3.54873313743363,0.047420626073005304,34.76924172372841,31.683267750935638,38.155791869270075
cpue ~ 0 + year_factor + month,3CD,Month,1996,Combined,3.5222061956189914,0.058391055570652474,33.85904580187334,30.197517732074328,37.96454373452258
cpue ~ 0 + year_factor + month,3CD,Month,1997,Combined,4.024656360883631,0.061872951483879,55.96107506271869,49.5699783846466,63.17618091084754
cpue ~ 0 + year_factor + month,3CD,Month,1998,Combined,3.1521992822874125,0.06233311956242376,23.387443652264874,20.697778340076482,26.426629544523543
cpue ~ 0 + year_factor + month,3CD,Month,1999,Combined,3.138841054912563,0.054945257896017716,23.077106255755446,20.72101389678,25.701099173635736
cpue ~ 0 + year_factor + month,3CD,Month,2000,Combined,3.519769119166227,0.04616809852648584,33.77662918722366,30.8544086474159,36.97561318669959
cpue ~ 0 + year_factor + month,3CD,Month,2001,Combined,4.326186084726017,0.040583077300528854,75.65519313403148,69.87048075285259,81.91883305331234
cpue ~ 0 + year_factor + month,3CD,Month,2002,Combined,4.052785267594813,0.04404524643196713,57.55754716599761,52.797116875368566,62.74719969248156
cpue ~ 0 + year_factor + month,3CD,Month,2003,Combined,5.038643498511683,0.04048105083337738,154.26061827621834,142.494106203549,166.99875514127388
cpue ~ 0 + year_factor + month,3CD,Month,2004,Combined,5.037309620760812,0.04022333611715001,154.054990641216,142.37606215048527,166.69192688009917
cpue ~ 0 + year_factor + month,3CD,Month,2005,Combined,4.158813908453472,0.04288997776940091,63.995572959125035,58.83574345020277,69.6079137987434
cpue ~ 0 + year_factor + month,3CD,Month,2006,Combined,3.7725283428807312,0.05566799538610991,43.489883284790416,38.99444000234361,48.50358020299867
cpue ~ 0 + year_factor + month,3CD,Month,2007,Combined,2.9836171668316833,0.05640384181195626,19.75915971422327,17.69116985553443,22.068884974842128
cpue ~ 0 + year_factor + month,3CD,Month,2008,Combined,3.2743017043872227,0.05294433792870776,26.424766737801644,23.820124772340453,29.31421660553374
cpue ~ 0 + year_factor + month,3CD,Month,2009,Combined,4.756427739192512,0.042538364439487664,116.32962301740599,107.02393969360523,126.44443131241204
cpue ~ 0 + year_factor + month,3CD,Month,2010,Combined,5.341269913419603,0.04291595739735877,208.77767158139238,191.93459000382938,227.09880564039074
cpue ~ 0 + year_factor + month,3CD,Month,2011,Combined,4.844148971070365,0.041754662965716956,126.99515943794582,117.01590101302143,137.82546116424462
cpue ~ 0 + year_factor + month,3CD,Month,2012,Combined,4.656211314920983,0.04482871605705532,105.23661750909237,96.38465721695697,114.90154122586456
cpue ~ 0 + year_factor + month,3CD,Month,2013,Combined,4.7298926964789905,0.0449695373170269,113.28340598812692,103.72595812456088,123.72148982089836
cpue ~ 0 + year_factor + month,3CD,Month,2014,Combined,4.896821584970771,0.045238408441585255,133.863628632128,122.50530123366218,146.27506638575034
cpue ~ 0 + year_factor + month,3CD,Month,2015,Combined,5.458345662016462,0.048475056383323015,234.70881530027745,213.4354727247674,258.1024947558646
cpue ~ 0 + year_factor + month,3CD,Month,2016,Combined,4.877182877510558,0.04694427594960134,131.26036601442374,119.72196506008167,143.91079930565863
cpue ~ 0 + year_factor + month,3CD,Month,2017,Combined,4.297925489318849,0.055607071901320526,73.54706116777656,65.95255556116109,82.01608202127169
cpue ~ 0 + year_factor + latitude,3CD,Latitude,1996,Combined,5.074277021774866,0.05404209211819417,159.85657736641824,143.7900890611891,177.71826621813437
cpue ~ 0 + year_factor + latitude,3CD,Latitude,1997,Combined,4.962905706080166,0.05788507019678563,143.00873410901573,127.67027559670137,160.18997324065904
cpue ~ 0 + year_factor + latitude,3CD,Latitude,1998,Combined,4.408841800528869,0.05722557084740729,82.17423421298348,73.4554927264482,91.92783980957408
cpue ~ 0 + year_factor + latitude,3CD,Latitude,1999,Combined,4.286244973276642,0.05048109468958317,72.69299123905934,65.84490337403967,80.25330290583067
cpue ~ 0 + year_factor + latitude,3CD,Latitude,2000,Combined,4.553657755419866,0.04286574084587511,94.97918434365087,87.32535913956373,103.30384607027774
cpue ~ 0 + year_factor + latitude,3CD,Latitude,2001,Combined,5.055793576666492,0.0383451810812565,156.92901614863138,145.56708152116911,169.17778286154663
cpue ~ 0 + year_factor + latitude,3CD,Latitude,2002,Combined,5.050922129192937,0.04054830894513466,156.16640371073274,144.23550912367554,169.08419983481306
cpue ~ 0 + year_factor + latitude,3CD,Latitude,2003,Combined,5.88091705598569,0.03632338874355369,358.13752331899786,333.5267973655498,384.5642587707528
cpue ~ 0 + year_factor + latitude,3CD,Latitude,2004,Combined,5.835977287328844,0.03714088188828927,342.3991929851254,318.35947180622594,368.2541835231567
cpue ~ 0 + year_factor + latitude,3CD,Latitude,2005,Combined,5.379969258801171,0.03955986893082993,217.01560400257253,200.82460510551215,234.51196309265748
cpue ~ 0 + year_factor + latitude,3CD,Latitude,2006,Combined,4.8829851389356085,0.05218269908759387,132.0241867737379,119.18859240174291,146.24206513417926
cpue ~ 0 + year_factor + latitude,3CD,Latitude,2007,Combined,4.055446663243286,0.052487273331729416,57.71093459334054,52.06909609026048,63.9640827615559
cpue ~ 0 + year_factor + latitude,3CD,Latitude,2008,Combined,4.235295291985878,0.04875578583004428,69.08207510507378,62.786115091471814,76.00937076406686
cpue ~ 0 + year_factor + latitude,3CD,Latitude,2009,Combined,5.474382473645951,0.039008481763869327,238.50313947189983,220.94766187793667,257.4534939834671
cpue ~ 0 + year_factor + latitude,3CD,Latitude,2010,Combined,5.965636259727689,0.038290315795929356,389.80096384180996,361.61757861673647,420.1808772494548
cpue ~ 0 + year_factor + latitude,3CD,Latitude,2011,Combined,5.720495568045385,0.037862368602262754,305.0560615402395,283.2373746043496,328.55551218279544
cpue ~ 0 + year_factor + latitude,3CD,Latitude,2012,Combined,5.621840952409836,0.03905941964310126,276.3977502558671,256.0274050967965,298.3888241089726
cpue ~ 0 + year_factor + latitude,3CD,Latitude,2013,Combined,5.512844885918725,0.03921491382096414,247.8552449214084,229.51850425895978,267.6569483292683
cpue ~ 0 + year_factor + latitude,3CD,Latitude,2014,Combined,6.0224779843855885,0.04012056258195806,412.59974573468344,381.3973258456372,446.3548605194626
cpue ~ 0 + year_factor + latitude,3CD,Latitude,2015,Combined,6.415763223381494,0.04301371020013304,611.4072230762645,561.974430422188,665.1882580298084
cpue ~ 0 + year_factor + latitude,3CD,Latitude,2016,Combined,6.053954950007085,0.042564476851322725,425.79369716246185,391.7126657093869,462.8399549321329
cpue ~ 0 + year_factor + latitude,3CD,Latitude,2017,Combined,5.658658942463058,0.04995765113758628,286.7638177984761,260.01568242958365,316.26356698937843
cpue ~ 0 + year_factor + (1 | locality),3CD,Locality,1996,Combined,3.273565554287028,0.16839860080444805,26.405321301378123,18.982249330245608,36.731210348083216
cpue ~ 0 + year_factor + (1 | locality),3CD,Locality,1997,Combined,3.2991093932418414,0.1696471956060835,27.088502970619093,19.42577689121925,37.77388144105178
cpue ~ 0 + year_factor + (1 | locality),3CD,Locality,1998,Combined,3.0932180252121477,0.168965691620795,22.04791468280315,15.83219095620929,30.703933726210963
cpue ~ 0 + year_factor + (1 | locality),3CD,Locality,1999,Combined,2.826173794167294,0.1670400651747308,16.88074788495867,12.167582784293451,23.41957759460469
cpue ~ 0 + year_factor + (1 | locality),3CD,Locality,2000,Combined,3.044623332733608,0.16524069633201277,21.00211890210541,15.191735576621673,29.034799622036495
cpue ~ 0 + year_factor + (1 | locality),3CD,Locality,2001,Combined,3.4158687021008496,0.1641448240136287,30.44338417573259,22.06835864375166,41.99676355783964
cpue ~ 0 + year_factor + (1 | locality),3CD,Locality,2002,Combined,3.622704851148993,0.1644939119217732,37.4386970934337,27.12068670635244,51.682173656966185
cpue ~ 0 + year_factor + (1 | locality),3CD,Locality,2003,Combined,4.421570706705955,0.16342833321930883,83.22690780892052,60.41583102109915,114.6507143304132
cpue ~ 0 + year_factor + (1 | locality),3CD,Locality,2004,Combined,4.279013205532183,0.16353728694566638,72.16918870175239,52.37765783033523,99.43918864681721
cpue ~ 0 + year_factor + (1 | locality),3CD,Locality,2005,Combined,3.529346204168178,0.1642245030993772,34.1016647985012,24.716379909952316,47.050722891707615
cpue ~ 0 + year_factor + (1 | locality),3CD,Locality,2006,Combined,3.042331181543667,0.16772176320334964,20.954034000258165,15.083426008442794,29.109536562728476
cpue ~ 0 + year_factor + (1 | locality),3CD,Locality,2007,Combined,2.2812146979344248,0.16795422440040955,9.788563338651525,7.042930995463376,13.604559280292742
cpue ~ 0 + year_factor + (1 | locality),3CD,Locality,2008,Combined,2.604308457327489,0.16660838103661635,13.521871117821245,9.754766433179627,18.74375975882492
cpue ~ 0 + year_factor + (1 | locality),3CD,Locality,2009,Combined,3.8159379370943434,0.16428141439509927,45.41933689177757,32.91558865581071,62.67292331485047
cpue ~ 0 + year_factor + (1 | locality),3CD,Locality,2010,Combined,4.318214043871272,0.16408050087781295,75.05446454146175,54.413716419853,103.52486502006805
cpue ~ 0 + year_factor + (1 | locality),3CD,Locality,2011,Combined,4.093470368388621,0.16400534114485166,59.947571289757704,43.467776772576414,82.67529582529363
cpue ~ 0 + year_factor + (1 | locality),3CD,Locality,2012,Combined,4.074829516169599,0.1642539280993272,58.840448388184,42.64422315692113,81.18798069746596
cpue ~ 0 + year_factor + (1 | locality),3CD,Locality,2013,Combined,3.919243077818354,0.16470185468965026,50.36230999779939,36.46771842815747,69.55088987294764
cpue ~ 0 + year_factor + (1 | locality),3CD,Locality,2014,Combined,4.516163838764043,0.16438274511293538,91.4839766863055,66.28566491425994,126.26135682829982
cpue ~ 0 + year_factor + (1 | locality),3CD,Locality,2015,Combined,4.934344964526226,0.16503396561227404,138.9820745199162,100.57245287888789,192.06071329611922
cpue ~ 0 + year_factor + (1 | locality),3CD,Locality,2016,Combined,4.59739932947698,0.16482769273292966,99.2259258537285,71.83250228715478,137.06586918231676
cpue ~ 0 + year_factor + (1 | locality),3CD,Locality,2017,Combined,4.207558914128847,0.16656338555120767,67.19231723470945,48.47725304043282,93.1324943598645
cpue ~ 0 + year_factor + (1 | vessel),3CD,Vessel,1996,Combined,3.004713369160292,0.10307406411043933,20.180430933059956,16.48891279955564,24.698401743926873
cpue ~ 0 + year_factor + (1 | vessel),3CD,Vessel,1997,Combined,3.0224973624105913,0.10543055467467324,20.54252981925551,16.70742907422578,25.257957373346322
cpue ~ 0 + year_factor + (1 | vessel),3CD,Vessel,1998,Combined,2.710724889737191,0.10474826810174519,15.040174032087958,12.248681325001929,18.467852082473645
cpue ~ 0 + year_factor + (1 | vessel),3CD,Vessel,1999,Combined,2.407849216658289,0.1010626683353949,11.110040140577514,9.113587089369013,13.543842914413801
cpue ~ 0 + year_factor + (1 | vessel),3CD,Vessel,2000,Combined,2.6832643256871065,0.09766519974863597,14.632781583279659,12.083495753120319,17.719896728451
cpue ~ 0 + year_factor + (1 | vessel),3CD,Vessel,2001,Combined,3.420747996954659,0.09493273108880598,30.59228940430965,25.398239078944183,36.84854560538855
cpue ~ 0 + year_factor + (1 | vessel),3CD,Vessel,2002,Combined,3.3710293032958507,0.09570491406265531,29.108473090667417,24.12980194409185,35.11438708172117
cpue ~ 0 + year_factor + (1 | vessel),3CD,Vessel,2003,Combined,4.273407152622068,0.09385182689968435,71.76573635564515,59.70749589510833,86.25920141946396
cpue ~ 0 + year_factor + (1 | vessel),3CD,Vessel,2004,Combined,4.207422407731389,0.0938044744092101,67.18314567954913,55.90007030705529,80.74363839985816
cpue ~ 0 + year_factor + (1 | vessel),3CD,Vessel,2005,Combined,3.4206171540638803,0.09556010454921479,30.588286882584924,25.363708399621782,36.88905737558744
cpue ~ 0 + year_factor + (1 | vessel),3CD,Vessel,2006,Combined,2.9025205345436866,0.10223492354135383,18.220011710214113,14.911609705270262,22.262440694314215
cpue ~ 0 + year_factor + (1 | vessel),3CD,Vessel,2007,Combined,2.090556360025953,0.10256232064558236,8.089414539435872,6.616286173589297,9.890537663266825
cpue ~ 0 + year_factor + (1 | vessel),3CD,Vessel,2008,Combined,2.574162314255225,0.09994810595662783,13.120321847246936,10.786162111187071,15.959601163124008
cpue ~ 0 + year_factor + (1 | vessel),3CD,Vessel,2009,Combined,3.825932226956562,0.09613252551226545,45.875546859950774,37.9972001577445,55.38739146469956
cpue ~ 0 + year_factor + (1 | vessel),3CD,Vessel,2010,Combined,4.457948078010367,0.09569871103894019,86.31022542292268,71.54871914995154,104.11723789133372
cpue ~ 0 + year_factor + (1 | vessel),3CD,Vessel,2011,Combined,4.133142441267517,0.09571683559563536,62.37362072908999,51.704118688709364,75.24484821565919
cpue ~ 0 + year_factor + (1 | vessel),3CD,Vessel,2012,Combined,3.8569124216555752,0.09631426368369768,47.31902439210513,39.17882666743302,57.15051367992752
cpue ~ 0 + year_factor + (1 | vessel),3CD,Vessel,2013,Combined,4.085660633888013,0.0964889495499191,59.48122008388289,49.23192488140331,71.86425375790559
cpue ~ 0 + year_factor + (1 | vessel),3CD,Vessel,2014,Combined,4.222352963041656,0.09663772819546823,68.1937530428314,56.426731883331684,82.41462510502738
cpue ~ 0 + year_factor + (1 | vessel),3CD,Vessel,2015,Combined,4.797133171828455,0.09828909215412363,121.16256688289722,99.93165988432976,146.9040705482624
cpue ~ 0 + year_factor + (1 | vessel),3CD,Vessel,2016,Combined,4.2426214658738335,0.09785795996797218,69.59004085053023,57.44453446940321,84.30347343415032
cpue ~ 0 + year_factor + (1 | vessel),3CD,Vessel,2017,Combined,3.646140850657079,0.10172054565930677,38.32647270088163,31.398765635332456,46.78268333066182
cpue ~ 0 + year_factor + depth + month + latitude + (1 | locality) + (1 | vessel),3CD,Full standardization minus interactions,1996,Combined,3.311923511565456,0.13516250391588813,27.437851771036158,21.052198656004467,35.76043158773013
cpue ~ 0 + year_factor + depth + month + latitude + (1 | locality) + (1 | vessel),3CD,Full standardization minus interactions,1997,Combined,3.3966310216840014,0.1369315208620535,29.863321499769576,22.833876412228324,39.05679241221612
cpue ~ 0 + year_factor + depth + month + latitude + (1 | locality) + (1 | vessel),3CD,Full standardization minus interactions,1998,Combined,2.9142523931177675,0.13565990053678487,18.43502509800973,14.130830746467387,24.05025978031822
cpue ~ 0 + year_factor + depth + month + latitude + (1 | locality) + (1 | vessel),3CD,Full standardization minus interactions,1999,Combined,2.738558616442405,0.1336585346492123,15.464678490714629,11.90058892668074,20.09617190330732
cpue ~ 0 + year_factor + depth + month + latitude + (1 | locality) + (1 | vessel),3CD,Full standardization minus interactions,2000,Combined,2.8931423081620307,0.13134036750783282,18.04993905216859,13.953288117587153,23.349356584728728
cpue ~ 0 + year_factor + depth + month + latitude + (1 | locality) + (1 | vessel),3CD,Full standardization minus interactions,2001,Combined,3.3587350184225553,0.12989988451796305,28.752796107362045,22.28984614089873,37.08968104874502
cpue ~ 0 + year_factor + depth + month + latitude + (1 | locality) + (1 | vessel),3CD,Full standardization minus interactions,2002,Combined,3.458299277932652,0.13003717108959195,31.76291066911313,24.616733188073876,40.98360600759309
cpue ~ 0 + year_factor + depth + month + latitude + (1 | locality) + (1 | vessel),3CD,Full standardization minus interactions,2003,Combined,4.064268083151779,0.12927383983725485,58.22227905685941,45.190701970985806,75.0117530980425
cpue ~ 0 + year_factor + depth + month + latitude + (1 | locality) + (1 | vessel),3CD,Full standardization minus interactions,2004,Combined,3.9119210257817585,0.12997711016138722,49.99490127766799,38.75136146897757,64.50070549817296
cpue ~ 0 + year_factor + depth + month + latitude + (1 | locality) + (1 | vessel),3CD,Full standardization minus interactions,2005,Combined,3.455951410144366,0.12995882258659383,31.688423032070382,24.562775795320128,40.881216464580824
cpue ~ 0 + year_factor + depth + month + latitude + (1 | locality) + (1 | vessel),3CD,Full standardization minus interactions,2006,Combined,2.9280319867374307,0.13399086073171562,18.6908105144695,14.373840171452564,24.304319063017665
cpue ~ 0 + year_factor + depth + month + latitude + (1 | locality) + (1 | vessel),3CD,Full standardization minus interactions,2007,Combined,2.086434099236549,0.13500859412221097,8.056136500572656,6.183084486205765,10.496595260933525
cpue ~ 0 + year_factor + depth + month + latitude + (1 | locality) + (1 | vessel),3CD,Full standardization minus interactions,2008,Combined,2.4460743281125636,0.13322767271189345,11.542943848979773,8.890187048202844,14.987260895442512
cpue ~ 0 + year_factor + depth + month + latitude + (1 | locality) + (1 | vessel),3CD,Full standardization minus interactions,2009,Combined,3.512299317250454,0.13009031876238106,33.52526444901591,25.979877406741643,43.262073133755145
cpue ~ 0 + year_factor + depth + month + latitude + (1 | locality) + (1 | vessel),3CD,Full standardization minus interactions,2010,Combined,3.994988478734944,0.130242808869535,54.32521472500924,42.08589181951638,70.12394955474826
cpue ~ 0 + year_factor + depth + month + latitude + (1 | locality) + (1 | vessel),3CD,Full standardization minus interactions,2011,Combined,3.8472810159540805,0.13009326569216834,46.86546339195861,36.31744539422942,60.477041683443936
cpue ~ 0 + year_factor + depth + month + latitude + (1 | locality) + (1 | vessel),3CD,Full standardization minus interactions,2012,Combined,3.79956042146738,0.13030946740707972,44.681539130371135,34.610387900748634,57.68325812423798
cpue ~ 0 + year_factor + depth + month + latitude + (1 | locality) + (1 | vessel),3CD,Full standardization minus interactions,2013,Combined,3.7544159903200756,0.1307447407460564,42.709269898723164,33.054453197879376,55.1841449127044
cpue ~ 0 + year_factor + depth + month + latitude + (1 | locality) + (1 | vessel),3CD,Full standardization minus interactions,2014,Combined,4.216801004976743,0.13061972878961128,67.81619325353937,52.49859128385531,87.60303762313947
cpue ~ 0 + year_factor + depth + month + latitude + (1 | locality) + (1 | vessel),3CD,Full standardization minus interactions,2015,Combined,4.714812073708374,0.1311593523650044,111.58783891439255,86.29224586046259,144.29854814208295
cpue ~ 0 + year_factor + depth + month + latitude + (1 | locality) + (1 | vessel),3CD,Full standardization minus interactions,2016,Combined,4.245237197749181,0.13108425058971573,69.7723080156831,53.963725270880154,90.21198854227937
cpue ~ 0 + year_factor + depth + month + latitude + (1 | locality) + (1 | vessel),3CD,Full standardization minus interactions,2017,Combined,3.89825012109693,0.13374467654290778,49.31607639501236,37.94396837359623,64.09649531257476
cpue ~ 0 + year_factor + depth + month + latitude + (1 | locality) + (1 | vessel) + (1 | year_locality),3CD,Full standardization,1996,Combined,3.180072041295938,0.1837081928942368,24.048485973755685,16.776917498214353,34.47174832274632
cpue ~ 0 + year_factor + depth + month + latitude + (1 | locality) + (1 | vessel) + (1 | year_locality),3CD,Full standardization,1997,Combined,3.1979371836674533,0.1843824173764058,24.48197625281751,17.056777730844765,35.13953049641081
cpue ~ 0 + year_factor + depth + month + latitude + (1 | locality) + (1 | vessel) + (1 | year_locality),3CD,Full standardization,1998,Combined,2.7094569548853484,0.18208034381956534,15.021116155880833,10.512651966643944,21.463083842629622
cpue ~ 0 + year_factor + depth + month + latitude + (1 | locality) + (1 | vessel) + (1 | year_locality),3CD,Full standardization,1999,Combined,2.654086549040121,0.17175901256950774,14.211998164965726,10.149646572151713,19.900288192810386
cpue ~ 0 + year_factor + depth + month + latitude + (1 | locality) + (1 | vessel) + (1 | year_locality),3CD,Full standardization,2000,Combined,2.8329540903650785,0.16865271885390778,16.99559325850734,12.211703087621173,23.653554965762595
cpue ~ 0 + year_factor + depth + month + latitude + (1 | locality) + (1 | vessel) + (1 | year_locality),3CD,Full standardization,2001,Combined,3.2826584658271964,0.16636977494564797,26.64651747805016,19.231964393541393,36.91962397489058
cpue ~ 0 + year_factor + depth + month + latitude + (1 | locality) + (1 | vessel) + (1 | year_locality),3CD,Full standardization,2002,Combined,3.3813331444893406,0.1693065886828351,29.409952706506306,21.104625419891935,40.9836849027272
cpue ~ 0 + year_factor + depth + month + latitude + (1 | locality) + (1 | vessel) + (1 | year_locality),3CD,Full standardization,2003,Combined,4.0551401596472605,0.16387015713848338,57.693248694891885,41.844260863603324,79.54522021121004
cpue ~ 0 + year_factor + depth + month + latitude + (1 | locality) + (1 | vessel) + (1 | year_locality),3CD,Full standardization,2004,Combined,3.726841021257761,0.16373614948660722,41.547652489502276,30.141958412102326,57.269252508004016
cpue ~ 0 + year_factor + depth + month + latitude + (1 | locality) + (1 | vessel) + (1 | year_locality),3CD,Full standardization,2005,Combined,3.529341567730706,0.1657335169522332,34.10150668863121,24.64327082814646,47.189870473952325
cpue ~ 0 + year_factor + depth + month + latitude + (1 | locality) + (1 | vessel) + (1 | year_locality),3CD,Full standardization,2006,Combined,2.7325262899106644,0.17536078230657645,15.371671307236602,10.900614421482471,21.676601853933484
cpue ~ 0 + year_factor + depth + month + latitude + (1 | locality) + (1 | vessel) + (1 | year_locality),3CD,Full standardization,2007,Combined,2.143071306984313,0.17204957558200154,8.525582139395718,6.085166806765223,11.944709672506372
cpue ~ 0 + year_factor + depth + month + latitude + (1 | locality) + (1 | vessel) + (1 | year_locality),3CD,Full standardization,2008,Combined,2.358539805338515,0.17344427607565466,10.575497887015551,7.527696040154863,14.857288998078296
cpue ~ 0 + year_factor + depth + month + latitude + (1 | locality) + (1 | vessel) + (1 | year_locality),3CD,Full standardization,2009,Combined,3.462339091286769,0.16632740567449636,31.891486435985875,23.019400863287803,44.18303122383724
cpue ~ 0 + year_factor + depth + month + latitude + (1 | locality) + (1 | vessel) + (1 | year_locality),3CD,Full standardization,2010,Combined,4.150824626532897,0.16406640399426106,63.486331231629606,46.028210244551886,87.56617369734161
cpue ~ 0 + year_factor + depth + month + latitude + (1 | locality) + (1 | vessel) + (1 | year_locality),3CD,Full standardization,2011,Combined,3.9765140450966827,0.16302853652004573,53.33080104843694,38.744085562982015,73.40925199652732
cpue ~ 0 + year_factor + depth + month + latitude + (1 | locality) + (1 | vessel) + (1 | year_locality),3CD,Full standardization,2012,Combined,3.8802657506386824,0.16679810944802392,48.437085547520965,34.92983922812239,67.16753664439868
cpue ~ 0 + year_factor + depth + month + latitude + (1 | locality) + (1 | vessel) + (1 | year_locality),3CD,Full standardization,2013,Combined,3.761447275388014,0.17009579984600132,43.0106291803598,30.8167849574338,60.02943607016903
cpue ~ 0 + year_factor + depth + month + latitude + (1 | locality) + (1 | vessel) + (1 | year_locality),3CD,Full standardization,2014,Combined,4.147578394881789,0.17075290641893776,63.28057404221255,45.281687363731166,88.43378602360421
cpue ~ 0 + year_factor + depth + month + latitude + (1 | locality) + (1 | vessel) + (1 | year_locality),3CD,Full standardization,2015,Combined,4.375625025358534,0.1768139651029854,79.48950698654544,56.20859346030532,112.41309081014913
cpue ~ 0 + year_factor + depth + month + latitude + (1 | locality) + (1 | vessel) + (1 | year_locality),3CD,Full standardization,2016,Combined,4.139064925115162,0.1747694183778348,62.74412355590739,44.54575508522009,88.37710873387303
cpue ~ 0 + year_factor + depth + month + latitude + (1 | locality) + (1 | vessel) + (1 | year_locality),3CD,Full standardization,2017,Combined,3.2789345827233083,0.1842955609928416,26.547473490408326,18.498974223660955,38.097698834701056
